0.9762700785464951,3.7682653815966565
4.30378732744839,445.62980924587566
2.055267521432878,32.80432667812345
0.8976636599379368,3.0761148398516154
-1.5269040132219054,2.680246268001701
2.917882261333123,108.76370055027911
-1.2482557747461502,0.7927343423657249
7.835460015641594,4319.560007801705
9.273255210020587,8287.545126139892
-2.3311696234844455,19.966965951533663
5.834500761653292,1397.3073243506706
0.5778983950580887,1.2163973460782993
1.3608912218786458,9.163316889082518
8.51193276585322,5947.117115406278
-8.579278836042262,4851.107836824675
-8.257414005969185,4146.075326693539
-9.595632051193485,7676.969843995666
6.65239691095876,2303.7550751045487
5.563135018997009,1166.4900024637598
7.400242964936382,3466.479194784786
9.572366844655281,9374.415365840963
5.983171284334471,1537.4901493326402
-0.7704127549413631,-0.2818597415110009
5.610583525729108,1204.6080604738731
-7.634511482621336,3002.898376560787
2.798420426550477,93.87146483492003
-7.132934251819072,2269.4783382694754
8.893378340991678,7046.954893007642
0.43696643500143395,0.747798280965307
-1.7067612001895291,4.720185426774778
-4.70888775790746,404.72122754299744
5.484673788684333,1105.4597990694513
-0.876993355669029,-0.19084532010942656
1.3686789773729693,9.315068996096066
-9.624203991272896,7771.002949641781
2.352709941517542,51.54970466256043
2.2419144544484286,43.798851037259155
2.3386799374951384,50.513932866699804
8.874961570292484,6990.591971510007
3.636405982069668,239.8052708998099
-2.80984198852428,45.235444357146875
-1.259360924013171,0.8446593405161078
3.9526239185452976,325.41413358978366
-8.795490567414603,5372.81109542788
3.335334308913353,175.31706351506006
3.412757392363188,190.45834179090863
-5.792348778523182,959.1081237627259
-7.421474046902934,2672.5113999313476
-3.691432981516323,145.31961639999153
-2.725784581147548,39.65524335819157
1.4039354083575937,10.027152864504773
-1.2279697307535926,0.7020640517928121
9.767476761184525,10138.870875301185
-7.959103785039439,3564.0848368827515
-5.822464878103306,979.97507948346
-6.773809642300074,1833.684910119784
3.0621665093079677,129.07812174324306
-4.934167949204358,492.0128927194704
-0.6737845428738751,-0.31958448522568617
-5.111488159967945,570.1027721880778
-6.820608327089605,1886.5759676946732
-7.792497176713898,3267.0308301633795
3.1265917893054684,139.02829471535577
-7.236340973027724,2408.254513227739
-6.06835276639893,1163.3636867638447
-2.6254965867807183,33.68622971019027
6.419864596958703,2010.8753898001175
-8.057974484138775,3749.689647345894
6.758898149976076,2448.1158104514284
-8.078031842120739,3788.2104604063443
9.529189300267916,9211.266465674898
-0.6269759670459685,-0.32581392743462473
9.535221763806742,9233.931339432835
2.0969103949009202,35.048029231067375
4.785271587966033,661.6173368557627
-9.216244154913586,6507.563186042556
-4.343860748471808,288.6043324176254
-7.596068775736622,2941.1291439721745
-4.077196049557101,221.11062115820755
-7.625445620915119,2988.244538454324
-3.6403364121204795,136.9866033918708
-1.7147401097066002,4.8292474362010545
-8.717050073024312,5178.906149747455
3.849442387400398,295.2887316577151
1.3320290841315021,8.617897487156462
-4.692210181211092,398.75808675021824
0.4649610693339934,0.8284068346089218
-8.121189784831166,3872.1034743210616
1.5189299111235854,12.653406445937279
8.585923951524283,6149.598737706748
-3.628620950973527,135.12760854649622
3.3482075992736338,177.7689419477267
-7.364042751912157,2588.317552179324
4.32654408237131,454.4343865574482
-4.211878141055978,253.51434072005827
-6.336172759857663,1391.2204980696515
1.7302586962016626,18.866903389701093
-9.597849076250128,7684.2355711534465
6.578800584347263,2207.805786002698
-9.906090476149059,8745.753907482935
3.556330735924602,221.14143080607096
-4.599840536156703,366.9163317735248
4.703880442451897,620.4923545252379
9.243770902348764,8185.787503299976
-5.02493712960084,530.9075822931959
1.5231466883567375,12.759073903131284
1.8408386254367812,22.950749636736308
1.4450381158174679,10.910916594033555
-5.538367347187634,796.1183553421312
9.054980230339702,7556.287062820572
-1.0574924276474533,0.12878740060385319
6.928173449422555,2691.437612741051
3.9895855063500854,336.7520666194921
-4.051260982897327,215.2464922072446
6.275956394049544,1844.243916448256
-2.0698851830603076,11.702567105366684
7.622063942223232,3883.657075432473
1.6254574527171748,15.542965365593778
7.634707237097057,3908.519950764075
3.850631801555318,295.62348220314834
4.50508559639281,528.1545257372456
0.026487638534044677,0.027208309359319824
9.121672694464479,7774.352070963103
2.8798039845927477,103.83441352385213
-1.522899028836406,2.643170469800263
2.1278642825584875,36.79125905611214
-9.61613603381333,7744.363399175756
-3.9685036665090134,197.3121422260967
3.2034707498537003,151.6536914877283
-4.198447855791119,250.13249954317297
2.360308579976831,52.11744940720683
-1.4246259810846773,1.8326809478003234
-7.290518715550995,2483.4572442676076
-4.034353480879385,211.4869216618837
1.399298214025297,9.931112259485886
1.8174552249634637,22.034671069931846
1.4865049769915757,11.86368871890195
3.064016397142673,129.35603402329235
3.0420654000337777,126.08750545050964
-1.3716312913205204,1.4687539594210453
7.930931917021262,4526.053580190188
-2.648762599042069,35.00707295507314
-1.2827014946874638,0.9592513827071305
7.838467100313441,4325.953822896922
6.123879780921715,1679.6757038399576
4.077771670807326,365.00984546356244
-7.995462253753978,3631.517307279456
8.389652274893471,5623.518550295024
4.2848259909822275,438.39264843735043
9.976940131357331,11010.693344134057
-7.011033906840125,2113.6933716586864
7.3625211473642835,3399.0355816727442
-6.7501413064725035,1807.363321282908
2.311191285676884,48.531013414182596
-7.52360034301117,2827.2873117367553
6.960164586444687,2739.392092755276
6.146379174500215,1703.2976698960424
1.3820147722918659,9.579544868912551
-1.8563340554800067,7.0675106916096215
-8.61666009089724,4938.462396093991
3.9485754628912737,324.1900636747398
-0.9291463464386229,-0.12266825050354002
4.441111989406959,500.77424589211034
7.327646518572585,3337.564626245942
9.510430100057718,9141.052241372967
7.11606684785222,2982.3490685348193
-9.76571831629996,8249.548916057813
-2.800438710432722,44.58382951453635
4.59981124848116,570.7542085671129
-6.56740645477119,1613.574030359762
0.4207321240825852,0.7035582545457861
-8.913240233214928,5674.055965081186
-6.000069502071998,1110.0533090505073
-9.62956411078772,7788.73949022294
5.8739540671484125,1433.5285250833888
-5.521506238792398,786.0902602743513
-3.0929663860619456,68.40158868603565
8.561625869311818,6082.5432905645675
4.088288038470655,368.49554672903156
-9.363221409373843,6943.447891487868
-6.706116870041745,1759.159471948329
2.42956802999527,57.516682414123125
1.5445717720833514,13.30673547158895
-5.2421435725098275,633.337662500669
8.684279958495875,6426.722308324062
2.27931911931792,46.30744833417922
0.7126560604991656,1.840418260374558
1.7981995270914197,21.3018995136858
4.602440590335393,571.9724965722874
-3.761100090407963,157.28647434650225
-2.035578755678163,10.84267935326612
-5.803125020497557,966.5360757847939
-6.276139882393277,1337.463798909125
8.887447799678672,7028.76786371678
4.791015900985752,664.59549597683
-0.1908238276486589,-0.16003274243263532
-5.451707440533536,745.5832065698337
-4.912870364592141,483.20568227342113
-8.839416793522489,5483.74891061618
-1.3116674888375854,1.1121399783657164
-3.764082360117948,157.8147039392119
3.9268697763091893,317.68655507022004
-2.4449632141503823,24.651902751013452
-6.407926448807304,1457.5829235800854
-9.506425432173376,7388.8707225697035
-8.655007370735028,5029.29601881062
3.5878554699713465,228.35255636101735
-0.9260631088790934,-0.1271898067472088
0.731584222174444,1.9448104964026176
7.933425860806842,4531.545185810335
9.806778947934088,10298.355453203889
-5.662060312030521,872.6520875030623
3.261564062002016,161.75802241446738
-4.733552465256987,413.6626245721244
-9.586980010685426,7648.664332443754
5.167573076722828,882.9588307523854
-3.599656983550643,130.61280267137235
-2.3307221165620406,19.949951308901227
1.766342271072114,20.131415103364873
6.620969104723809,2262.4060583435753
2.5796368718229736,70.68314638510675
7.453013108947907,3562.5100865042677
-4.529159303687285,343.87101401483494
5.960936678251274,1515.8797368257647
-6.287281113880956,1347.320299894321
9.055833139438892,7559.046479218243
3.7497655277563062,268.23944276121256
-5.689846457728831,890.5781237074068
8.947411809778487,7214.290834205796
4.6171161354031565,578.8084091497269
-4.921167148099483,486.6224606119771
-5.73376045265036,919.4710516999586
0.36401427861326496,0.5623128381726641
-9.486745638909369,7326.421920818862
-5.850598491177812,999.7746827640093
-1.5062906249698749,2.492939934339339
-2.516600393315489,27.988752793150592
-0.728491512703787,-0.30275962300448994
-4.447425874105361,318.596333724409
1.735686929163375,19.053055996890187
7.277112118464629,3249.9789952791457
-7.649362880759338,3027.020315683263
0.34758214308228297,0.5249839156710494
-7.358637873096933,2580.497885240438
4.337193623851874,458.59954062585473
-2.0788059438541246,11.933998338603331
1.3084262371701794,8.191276825016384
-6.334403275718428,1389.6131831427867
-7.103044813132455,2230.508529542544
-0.23887438702090869,-0.19218786452666137
-2.8877452430008876,50.91034178291047
8.80863890505626,6790.418706307481
5.306505076139306,975.8204197257302
4.9732723970109465,764.455808750735
8.074394794918668,4850.186315800749
-8.331551291159629,4301.157760904565
1.0438493984481312,4.458146940450632
1.6895213791153765,17.514783352095293
9.23872757094458,8168.4761625811125
-4.157049464149023,239.920831815563
-5.183424401691063,604.3002290636895
-7.994121154690044,3629.013150584563
-9.671407408170516,7928.244757206844
8.59058633584381,6162.528767361832
3.398330931818201,187.56451811561928
5.703058240462756,1281.5865609924742
-4.365397884921018,294.6589937392494
1.7282033237265342,18.796789594410754
-8.720894677580377,5188.285671806193
-0.2874480813075415,-0.22174535996101727
9.549902794888936,9289.26518049329
7.530104906331815,3706.3794337566046
-3.236820963263087,83.09572100733172
9.231403090829971,8143.38371684098
-5.36596747057591,697.9938795039351
8.986376448313628,7336.799658215441
8.827554094129972,6847.063176309545
5.984051747047834,1538.3506409886156
2.608958737335822,73.50463222055797
7.48575933249894,3623.0985303620614
-4.139594309844066,235.7103181240715
6.978871106258364,2767.729075582584
2.357533838350477,51.90957590327143
-9.73526284482201,8144.7427837295545
-3.055329641355609,64.90104474140715
-7.0371827810367,2146.4124940569427
9.636587796365063,9621.08068289379
-0.43259385920023874,-0.2913904985124506
-0.05217269002674563,-0.049585304733674694
2.789450327974471,92.8197654878779
-2.62830787740765,33.84383331818253
-7.261994566288021,2443.647217974179
6.44235466388491,2037.9058541166712
-6.20304176194484,1274.131220045092
0.22637965092912005,0.2918551757210567
-5.513659420505215,781.4558719368158
-8.043110310119319,3721.3327955022933
7.243830348433665,3193.246911265263
9.458389780462607,8948.372909354777
9.216693161260004,8093.16489341639
8.131109984423578,4983.020544009313
5.480946653972776,1102.621850925817
-3.3370969594271616,94.65179561092378
-8.377972200240064,4400.453879091173
-1.8551765717238524,7.046741224108247
-5.355317156581146,692.24594234087
-7.350247304840341,2568.3937425427903
-8.931456364263495,5721.767556560356
4.511887284211575,531.1306902120735
-9.771450827499379,8269.38879356664
5.411614970055524,1050.8244520684527
-7.0610670919924985,2176.6290205089035
-8.409558348264884,4468.994892283306
-8.207939315227893,4044.944242489644
3.440956147078289,196.21251640792553
-5.092655802943105,561.3953792081038
-1.5892106663980314,3.3012920340038256
1.1473758264783385,5.7074310948236056
7.211023476575875,3138.056277833212
4.540885254226566,543.96144637731
-4.593441895225707,364.7836782583157
-7.370344014177448,2597.45653498844
-8.89251359157604,5620.132761796437
-3.9680273103811503,197.2122740092613
-4.757637015206435,422.5360392084169
-0.8771886639904061,-0.19062164115992786
3.6656267109536085,246.90491899137245
3.9125089127771435,313.4383243488963
-4.329623068356668,284.65334098319875
-2.40146088199759,22.774748793666014
-6.376980765261939,1428.6774403998418
5.770910246130374,1340.3820660408617
-8.863038471335194,5544.112809966142
3.9399448344997463,321.592185964904
5.5739079188220675,1175.063587588066
5.5481512369750625,1154.6436506994337
-4.811548713092901,442.9161313051724
-2.523737241348771,28.338541121472993
1.7519927039277796,19.620872821428897
-4.543561951510659,348.4761904450245
-2.5829440156422256,31.366530755742616
-6.058914396287207,1155.882767497112
-0.8028823248798531,-0.26028134371377554
-9.107753974917719,6199.243139426999
5.995917691412361,1549.9828406728363
-8.460871060267346,4582.046628770538
0.3767029766305203,0.5922012617421224
-3.8637980090960777,176.25584938143754
1.5508589766275094,13.470903823911033
9.188666816668501,7998.128804790636
2.911404889120078,107.9128577711053
-9.292751284890182,6731.809967666486
-1.3919512098387763,1.6026476913676202
0.2003370463650036,0.25012330505188185
0.7235498940690395,1.899948251960691
3.6278502120767584,237.75610503817617
-4.448078045364678,318.792310262554
-7.422788690673596,2674.4624136828356
-2.1464864690581127,13.799360112528012
9.128114455918976,7795.662256570961
-6.257382164983105,1320.9915391118084
8.079679098564739,4862.449101586667
0.8761190015465274,2.9053848485453564
-0.8617715670846842,-0.20758681924133748
7.640828204597792,3920.5996445281357
-0.8279207646282831,-0.24012304146129027
4.483352732230866,518.7293790114034
-2.0194935659379603,10.455623996883343
8.080887858019153,4865.257427011412
3.8005004038245467,281.76143840325346
3.9924410850103342,337.64028022362527
-3.445591968857622,108.46693955982985
5.135572854737784,862.5494389324924
2.721221108942826,85.11170979595232
-5.1995945324058095,612.1946564572019
-6.789223550294872,1850.9808171938303
5.927829490346635,1484.126694348445
9.183332060704451,7980.134280480425
-0.837223454799144,-0.2318051084046303
1.8196833064736992,22.120711062234676
7.154452883871091,3044.576544884908
-0.8555309329228589,-0.21406305378341017
9.037489536654725,7499.866108197431
1.5150232408974489,12.556125635260281
6.4153424140262985,2005.472988635162
8.176874368254769,5092.184408920838
6.310476375371376,1883.2296968239605
-6.811710731020881,1876.43298692639
2.5779687812340075,70.5251669441206
-2.031314827606458,10.739088701972609
-8.745740959533086,5249.209980090144
-1.5193549622031615,2.6106384584860205
-4.826318662211846,448.626133967762
6.9807661685702165,2770.6119975036568
-9.333907469066077,6854.813859867293
9.17965443726947,7967.747105417758
-2.892623030561408,51.28246658808172
-2.8658621919491427,49.2655991392792
-9.673429946325843,7935.03505847727
-6.295353495276322,1354.4958341518102
-1.974809983927825,9.432574346296999
8.585828346054278,6149.333811800592
-8.007701395574573,3654.430736733024
8.90603066958159,7085.873585186605
7.3897706109326435,3447.65549135886
-0.916752061848964,-0.14045775091783075
-3.465982364634799,111.22306818298718
-5.345117414418863,686.7745698835417
2.2892941295374865,46.994742519476496
-9.338508170489888,6868.668099971658
-9.687878711063435,7983.671201457049
-1.4240855500352438,1.8287243358694414
-8.638518520505595,4990.086367069561
-4.961180235078142,503.3560612718313
-5.576781693078323,819.3237767771335
-4.9361761255429615,492.8495095755624
-7.378895375694845,2609.8976538351358
-9.759275542046915,8227.293524973535
-7.690314057225038,3094.287925209625
2.3696051902549584,52.818583185185005
9.485124256361004,9046.972241699594
9.806900031217879,10298.849689965906
-1.8189180925387678,6.4176492792968745
-6.740911479067893,1797.176098620304
2.7752351473305854,91.17156006913672
-0.1938930690252576,-0.16217451599957738
9.78819554568863,10222.712763247484
-8.693915856964395,5122.735014723259
5.664688766276262,1249.2104711903453
-4.232030053370122,258.6529657017564
-5.17162759846852,598.5893197152495
3.2500914306535194,159.72316938000958
-5.078736300180711,555.0239860324431
3.317182351183753,171.9035425996335
0.34617034404577574,0.5218473612806627
-1.5182202312830135,2.6002771456879827
1.09375617322838,5.02966188738989
-4.258969601607405,265.6440266650939
4.131494125459579,383.0812987299613
-1.702862613328719,4.667516123596679
-2.789088790282155,43.8066546693206
6.573138291114756,2200.5504025812293
8.499338239063842,5913.156737317089
-9.079853782254062,6121.757785054476
-5.34746014340469,688.028379426286
-3.0296126101487353,62.587308591480436
6.299329587404948,1870.5737336973646
9.70982855286595,9908.304407704833
9.379434093407035,8661.88418205642
8.098966910998538,4907.406331660735
-4.068874698719402,219.216200116651
9.840224868289482,10435.553305134945
-5.011599178870975,525.0523708680964
-7.881876902355356,3423.9778423306775
9.01905222110788,7440.734790078293
-5.331594890638074,679.5709268885798
3.795365301555009,280.36983157386226
-8.832872820388227,5467.113770414116
4.614181982549523,577.4367656595276
7.6344042466767945,3907.922728534571
-4.5512620906807495,350.9571840991951
-2.418862078451429,23.51248437541091
-2.514076333581679,27.86581250812992
4.975765150802662,765.8955762394338
-5.243855149219224,634.199473913066
-6.56293801904714,1609.03990531842
-1.0141670262452394,0.029145441466755795
-3.9106318524536103,185.45407235409724
6.783782445173049,2482.8043291172744
-5.245163479687225,634.8588368139553
0.04778914978522941,0.050187309373690335
8.851671993958607,6919.801950736234
2.6799539548932145,80.69327162242789
7.345788109249295,3369.436216838406
8.804193787095347,6777.158355571949
5.015297237727038,789.0031014452153
3.9915012044950267,337.3477395947019
9.359311332084541,8589.984246958633
9.888015792953588,10633.97185284951
-0.9635663466048072,-0.06770098767903421
-8.582604436315833,4858.831912851103
-4.144119371189623,236.7964808729351
-6.952905886245391,2042.3023644170457
-1.650272504079764,3.995679741673742
-7.37421343053488,2603.0805038802987
2.0823560804176395,34.25077942534464
-2.3438388168429185,20.453100203085462
7.907717685764201,4475.176009738541
9.355893435970039,8577.81656104561
0.9376980333884433,3.4146016143019424
-4.503528602648068,335.78889978557567
1.844608375236735,23.10116715667366
7.935223164488196,4535.5059099689515
-1.8653330832850337,7.230462730977612
1.0415655338394174,4.433294321887591
-4.566944647877083,356.0511072303524
-0.8911170109994604,-0.17407599237801052
-1.965729292408028,9.23380849920929
-5.03173069834058,533.9086609603817
0.11732767650616793,0.1328980643944689
-3.792383480403771,162.89396046251315
-2.5393027223850506,29.112639603237405
0.49940884508528427,0.9355801437640665
5.011900458579749,786.9972132120115
-3.3298506841744935,93.77863504331216
8.483175332415271,5869.788158695599
7.246370936718048,3197.551148035371
-9.026194080489429,5974.778325758494
-4.927149514863545,489.0973498898197
-1.0772897468159606,0.17989511706680728
-7.907442225150518,3469.8925615485773
-3.030480219330059,62.664347230982955
4.801950512353649,670.2925237667455
3.6102896228565164,233.59182509333274
2.4476885713200964,58.99763902810888
4.210568054446913,410.90142575610554
-5.901526260805965,1036.3784915847164
-3.166037702705358,75.5985058656574
3.5248496455492564,214.11395431813486
7.5846952606265425,3810.8666436796266
0.873561076561904,2.8856275872726145
-4.346006981089268,289.20346829279475
-9.395294839880348,7041.408100127073
4.206736579484268,409.5192482473234
-9.842317929831193,8517.625233542203
-2.54641860358009,29.471688411086685
0.6107442912556351,1.350701154754681
8.44222923534386,5760.990424663236
-8.210109099341999,4049.3402583442335
-1.881153560634326,7.523345936375838
-9.513736005796844,7412.170432760485
-3.1477803131681936,73.74967999038971
2.4446211767958985,58.7449123254367
-4.418641035428033,310.036233107657
-5.805001006887299,967.8335755257797
-7.6859353334581275,3087.042229472597
1.5428048804068357,13.260883612008612
3.90540011809372,311.3513810697642
3.4391428119164473,195.83857170978723
8.977220414410148,7307.872759397694
-9.945935722129946,8890.597798339819
2.94393307788072,112.23739972240448
2.007844741952791,30.386304443626525
1.7747921994057627,20.436865374606477
9.255406396804847,8225.831700898218
-9.662566532599206,7898.614322584465
3.929648614029002,318.5135970423108
6.27357299403727,1841.5747835022532
0.19614393243168315,0.24364263958176724
-3.320702608063817,92.68493740916514
5.816803264548099,1381.2854803934686
-8.055141487351507,3744.2725803007
-1.1592872454014937,0.43283246882403814
0.39904749141676454,0.6471873029682768
3.8791282186909513,303.7298136426636
-8.18228535935181,3993.2400682461475
-5.444809969242781,741.6672345332483
-1.7939687461974874,6.008391174832696
2.4658934604026133,60.51477913026347
7.7392156243483505,4118.6444887499365
2.3765233648275306,53.34502566651341
-7.330770581301311,2540.4611767467527
9.61160265574565,9524.543538496902
7.4357146951098585,3530.812988121351
0.054415222906481375,0.05754613138106629
8.44695963593266,5773.481514410451
0.8276158751427154,2.548591593924812
8.466121357783262,5824.288215192741
6.597947372066862,2232.4729145665283
9.365728205885947,8612.863283065424
8.395656215563168,5639.090954374897
-9.27932365142861,6692.039458499477
-6.504559916781201,1550.6782068219263
-2.217306457976285,15.969329962726494
9.042853945908416,7517.136696143717
-3.9994216104814084,203.87567468602754
-6.790647122247979,1852.5843596749648
7.726093321731199,4091.80528324169
-1.072111690335941,0.16617576831362113
8.157511887086521,5045.781192149802
-6.795390673597135,1857.935129092038
3.2223502301619895,154.88322080565356
-1.1947249434101632,0.5647094874661029
-8.470264619394293,4602.972683230347
3.929262893050012,318.3987008872018
-5.052024889216926,542.9495807530648
-9.207689548409645,6482.842375893534
-8.801114035008535,5386.918560205934
-8.778429258664254,5330.179449323068
8.154659149700791,5038.971408075185
4.79767835658202,668.062325702372
7.961247144274701,4593.147115920948
3.4516462259304266,198.4280434284865
0.5787985806176632,1.219938638899294
-3.9110727130524348,185.542332506686
9.95924502657347,10934.943057901064
-2.7562188212122134,41.6127314715735
-0.5870210157218096,-0.3259662712971949
-2.435096501530765,24.21650144754456
9.590538586709172,9443.723310453848
-6.506832292099885,1552.9197451793668
-3.440239981838406,107.75207638184133
3.606973320300032,232.81165312347002
-8.735847633227387,5224.887072942867
2.144987480230821,37.78392139987051
-0.4470699424716784,-0.29660633408816217
-4.320000464757978,282.0061331683424
-5.23173438151884,628.1153595798652
0.2902548659751343,0.40605381891316966
-2.641448389259173,34.5877683893465
-0.8696021747468929,-0.19914385159395465
-3.2504523647152013,84.60106145821088
9.409873871919551,8771.505359815843
-7.33121136508792,2541.0907932149207
-8.063920936432517,3761.079190030671
-3.1321654241816788,72.19544065503808
1.8205380174098256,22.15378606966476
3.1835294370005656,148.29839388971965
-2.0548650566391586,11.320254751949168
9.985559878443421,11047.735685642763
-2.962140076139148,56.80938685725903
4.428133359199048,495.3529335999515
2.7516538906158576,88.4867866809737
6.261077264949215,1827.628550831544
9.524513269076401,9193.726678219842
7.795873128910806,4236.048828027304
5.291239487154172,965.2724911164136
3.964969556365812,329.16849925568283
-3.2900366064820075,89.08818186868658
-7.046288435865852,2157.8948436989344
-8.747279938803805,5253.0012116003145
-5.1619659159703035,593.9423060346572
-1.3543703763740282,1.3603278887461379
0.43992547259964887,0.7560561881417546
5.461671081097432,1088.0323671975477
9.17481846113186,7951.480291975446
-7.65359039230378,3033.9132457738824
-7.859917196124169,3384.9042162847472
1.7938944602710158,21.140700028934614
4.907961478945859,727.4553262577682
6.963007606939698,2743.684629024547
8.71664160433577,6519.921741253692
9.66852484521284,9745.546280206909
-2.0039661555094828,10.09152089109073
-2.393296329448537,22.434551199104085
-7.043826466054552,2154.785729527889
3.698688773671188,255.12872543716082
3.1352391688167423,140.40698815226892
7.241251917024144,3188.883016673055
-8.054840104247187,3743.696641633356
-0.0444618434931634,-0.04256897464962061
1.6216385934412614,15.431176119508281
-5.168859199201632,597.2550121756915
-6.619491877416774,1667.1358943874975
7.191616728392429,3105.7480041871604
-8.829301555288824,5458.051410749849
-0.5875819216385416,-0.32599424413993316
-7.683319973982295,3082.720542774892
-0.8588247733726533,-0.21067250728427134
9.599246526846187,9477.071891116579
-1.525872930890543,2.670669276734859
7.142498350091348,3025.093420438265
-7.653688716336122,3034.073702566499
-4.574958464762718,358.67543901346073
-1.924145186653309,8.361642247386612
-2.0037571998133856,10.086684181636368
3.4276695734030618,193.48509016478633
-3.1056374524898462,69.61123913340649
4.2753373682003275,434.80455579244517
2.78373798450785,92.1547263760403
-2.0167770949045387,10.391254265235142
-1.3647974469136148,1.4252517815742296
2.2905539962064143,47.08210455472579
-8.599156197107106,4897.4126280884875
6.448134767113807,2044.8968110594578
3.068423222272738,130.01991508576498
4.526849288356704,537.7220612890961
0.7384600216478088,1.9838600062889018
-7.790457780165106,3263.5139840237744
-1.8992877340610015,7.869286368997294
-1.8925283430288786,7.739049078165712
-3.5791401991356615,127.48380889921243
-9.400993501905013,7058.9211704745885
4.745084851929546,641.0630520987609
-7.804310838749986,3287.458962371136
2.126162660901702,36.69372446176513
4.064349929344315,360.59743454050323
2.695726458673896,82.36078663552203
9.1828450395595,7978.493038479421
-7.934036898297228,3518.1449164237283
7.3433431821039825,3365.1276237191805
-9.416195303021734,7105.799139560201
0.6983370985416784,1.7643997551467052
-1.9151276412148235,8.18057112644645
0.48367720787516433,0.8855036839341189
-2.698002458799804,37.92887275275814
-6.1886617011986385,1261.9422928172135
-9.617542051026204,7749.000981373276
0.3629962758234857,0.5599556037377957
6.855537253696845,2584.9019089576277
-2.5356808851041173,28.931139613208554
-5.542723639700395,798.7247906662504
-8.389359930563119,4425.073280016685
-8.293781537625932,4221.615769444643
-5.572071074144556,816.4511928242297
-7.999718781568896,3639.4738688639695
-4.699206032710359,401.2513939075651
-8.677010757660906,5081.978643001166
-8.687902655801487,5108.209826072217
7.1255235924556395,2997.589744888042
-6.757594785823335,1815.6215338899456
1.1936481164689603,6.349191942061036
5.469110888980611,1093.6461368021328
-0.8718086932186679,-0.19670023268547798
-6.932622442813086,2017.8222336007545
-6.008077157597713,1116.2081748562236
-1.340315874376385,1.2755453570291229
0.5646817835707161,1.1652800666929508
-3.0111941590293023,60.96847734529736
5.629592004693226,1220.1389198236116
5.020432977127969,792.0432100082569
8.544236147462357,6034.891210290896
-9.420949019460789,7120.50607440761
7.913825824204068,4488.521052062018
-2.1486242307569796,13.86152020881999
7.56744990759988,3777.6224888476104
3.815695523130591,285.90995169033295
9.746975141479364,10056.417140372436
5.1856490343333626,894.64717408193
-2.709107480064268,38.61208900231504
0.021263456695042038,0.021725409655640023
-2.4722168961129753,25.884593299718574
-2.7017632795752373,38.15923600650857
-4.781910012378805,431.62272036851687
-0.08059409253060856,-0.07457998595122131
3.6347989013872244,239.41934676976547
-4.4531945738951295,320.3329615725623
0.4875962215444005,0.8977974334677998
-7.652394116588857,3031.9615317348994
-6.803094262916174,1866.6495640407672
-9.063872905756226,6077.703937737657
9.414628855412658,8788.722867141949
-9.922792969794777,8806.252829878506
-6.428400638846874,1476.947198551142
2.2573350623398465,44.820034324097996
-8.372608022933894,4388.89263140467
7.637930061936647,3914.8766842450837
4.392403156845763,480.6569235259332
9.327799428757867,8478.29194359063
0.152710944815297,0.18013674523781142
-3.9919263368302556,202.2696951717877
0.990011455905428,3.9011072963040077
8.616374345959464,6234.415078613387
0.4152287448372114,0.6889621836468631
-4.6558593627536276,385.9894544903378
7.547975783482393,3740.3444940523877
-2.5616250297507737,30.249942835229085
-9.972333000020017,8987.542681024956
-5.046299550153681,540.3874312858954
-3.6353298164587518,136.1898331387347
7.175549364638044,3079.188920364348
-0.8299366586710999,-0.23835954814128857
-1.1082542437739846,0.26732763562457285
-3.2779546720022523,87.70019438755723
7.613562460941591,3867.005997030137
8.900535538807826,7068.950725503212
9.837806583092586,10425.58753037193
-2.4651746607802654,25.561808328081405
9.322948912543428,8461.196910130033
5.837591392618027,1400.1196135609318
3.513782952885336,211.68425030488277
-5.102210411598012,565.8005034427409
-5.670854781115803,878.2961876653085
-6.679043509575086,1729.99936413132
8.455132204507308,5795.109922858714
-4.118466752336678,230.68840938177763
-0.9381150910224321,-0.10914719289266561
-0.12084332025553124,-0.10779164950327756
5.563431909005082,1166.7256482682922
6.884699231060484,2627.2853333187445
-7.218545977027744,2383.9309163184885
-1.4619127957785256,2.118469165477088
6.857097756709145,2587.1567997641064
6.360666115116768,1941.0147417844685
-7.951724830951672,3550.514984082837
-6.87233302264074,1946.3582522324075
-3.916026168011843,186.53617997294657
-8.492818618333192,4653.5091791331215
-1.5067399431881423,2.496930304173043
-7.847645897008362,3363.2158333600964
1.3643518733969007,9.230507503834108
-5.068861203776878,550.5368826975075
1.9286613069924545,26.65892790765693
-7.649487141927247,3027.222754829796
9.517677368370666,9168.130376634492
8.651224077146807,6332.5604730395635
-2.164061228706684,14.31644958837685
-5.156428117478291,591.2910159613485
-4.992035742928545,516.5521292339554
-0.3321292959521589,-0.24628829867684102
-9.20014396198566,6461.095965967741
2.79410212150254,93.36403574658996
-1.8339418332051043,6.673299798603788
-2.4518685482222535,24.960040752808254
6.18729942978397,1746.8994886126563
4.180709203665799,400.22285163675565
9.086676307853839,7659.3430265944935
-2.9612751900861856,56.73801190415769
7.950855292988109,4570.064302902932
5.399343725001778,1041.8511690292194
-2.8515069681057392,48.20837649177408
2.433308729065155,57.82003890245036
-4.2286008469660885,257.77306708400147
7.487998341496848,3627.2693396682716
-7.7514536557537745,3196.7985094115234
-5.75131277411918,931.2142011841684
-6.339334158401577,1394.0956363958824
-1.939479951914226,8.67609150002325
4.904659200642582,725.6210929529753
0.5381489810436069,1.0674742451971122
-0.24647352923584975,-0.1970069331202206
-9.989080702060086,9049.459161140358
-1.4919654928989061,2.3678410068062212
-8.728924503276831,5207.916828647413
-5.834934957570324,988.7144608976984
8.647878779209886,6323.089268250712
-5.692035913135236,892.0022927077748
7.16675277268525,3064.72084391087
6.057867431226683,1611.7912057062008
-6.817075261155143,1882.5434679628347
2.114239145405577,36.01587448157083
-7.686762561899734,3088.410109259778
4.557763167390229,551.5363669973331
2.749245547444133,88.2160307313583
6.238771233820387,1802.9309845020994
-0.41230901221623917,-0.28350273029351997
8.297261756667659,5387.935519115883
-9.013021064231205,5939.104732212389
-4.142228699459707,236.3422020188616
4.301051949303341,444.5802378430104
-1.6378157650399832,3.8467683377864814
-6.540972914576873,1586.8908403820576
-7.855785091429079,3377.5894143426167
6.346782229232428,1924.8981503620537
-0.5371404306871153,-0.32035256136320756
7.645673438382147,3930.1815666069906
4.66578268633452,601.9195506056305
-1.8054758873851284,6.1948051812082365
-2.5297797168863267,28.637211731794107
0.3127669330250349,0.4507553049331021
7.781199063794574,4205.4033135874315
4.7455715942833585,641.3090852391867
-9.896940714619536,8712.744655005858
3.883157027382511,304.8893165616157
8.390148138116412,5624.8034438020995
4.2091151900898325,410.37690082194945
-6.459884368650082,1507.100313344807
-0.3296374514508251,-0.24498810732808562
-7.193679641531611,2350.251199884461
-2.820094433207359,45.953954325948985
8.742340838810353,6594.654245271017
8.466106151174166,5824.2477626462305
-4.343262956478342,288.43762061156565
-3.207379116676017,79.9128383009786
2.0042573626258786,30.209173342716458
9.2639459052076,8255.314377034843
-7.043973318692192,2154.9710889217918
-4.861667126266617,462.5160972261266
7.47113654581543,3595.947901901919
-0.16215536583310985,-0.13943338165435332
7.979221844540632,4633.279985568568
-6.289642049536475,1349.4159732159922
0.6533717494272135,1.5414263282409095
-3.4746073470125527,112.40453801758876
-3.6691488021504792,141.64005122593997
-1.0624607210760182,0.1412730711712551
-1.3384510179746307,1.2645276665484264
-2.8530624064409116,48.322106034761205
8.29941540631237,5393.341090993541
4.634883708657856,587.1669232447714
4.550939826630593,548.4644795001462
-4.201731008160891,250.9560747006959
1.5541884863368072,13.558484695527792
5.583588666036681,1182.8084003619854
5.911807370864262,1468.9409877345258
-3.1093907849137548,69.97260159705166
5.417455131372957,1055.1154325726213
4.717877936154659,627.4236672545322
-7.169870287561995,2318.3391168527487
7.318909371329546,3322.2961151728355
-1.1735705963917837,0.4842431765931752
-0.27179102222669016,-0.21254113300438868
-1.0326164220400535,0.06959339484457883
1.3569200295501496,9.086691685473456
2.423384947341095,57.01793803909416
-0.036408684741131125,-0.03512959829458193
7.335770865181914,3351.8095229254945
2.554695123905688,68.34906997195414
-1.971441013889601,9.358477630655534
-1.6661648618257807,4.1912521998574945
6.216772302579027,1778.8202849612503
-3.036161145069598,63.17053123161179
-5.770904084351729,944.4541361849799
-8.812336239884216,5415.154543606112
7.520536958411483,3688.290346844269
8.370929023806998,5575.163540425008
-7.597596356730481,2943.565280632762
-3.310525170077703,91.47942240977147
-6.492558609695123,1538.880034947173
-7.682030623482405,3080.591659549701
7.997334860000606,4673.987683511943
-8.86245481709289,5542.615331420333
9.609713269380137,9517.273067277485
-8.070982786052316,3774.6388239493476
7.269412983871714,3236.788218116531
1.3301221397832546,8.582789035872548
-2.641650243642532,34.599289910505554
-3.1531524674968425,74.29013882048373
5.147282864754175,869.9762343200653
-3.7085340999142558,148.19158912568838
3.1463783323428363,142.19825882852302
0.34652167032160186,0.522626864090884
-0.3006870968385904,-0.229285846212867
8.02324341298323,4732.681762594265
1.0929011724051918,5.019401467353301
6.537232060973899,2154.958553033106
4.511470682029788,530.9480374572465
-9.228855078820033,6544.1347599360115
5.4622010501083835,1088.4315400191226
-5.662594998179187,872.9944577160733
8.062992937031431,4823.806280439271
-9.14151618782336,6293.990482999467
-3.3385593105136246,94.8287410230602
-8.00534105530492,3650.0034174002985
-0.4882176583031246,-0.30941720739474043
6.400448717395037,1987.7574985375027
-4.036252806738718,211.90678247328398
-6.981302053779168,2076.9475602153734
-3.3946592860620157,101.80590817469323
6.277602838412719,1846.0894435490934
-7.192320844013063,2348.4211576914513
-5.452751018449964,746.1770373043726
-8.62296071013252,4953.301508778978
4.114200879792154,377.19192575266845
-2.0953351292732636,12.371542894630032
-3.7832004571336793,161.23263070997385
4.372527806823038,472.62602271419615
-3.280449153194896,87.98542864948706
4.55542546428836,550.4824673876781
6.30398790628627,1875.8549369139866
-5.6467431308452305,862.886936066625
9.476373936919668,9014.610851789888
-6.752841041746665,1810.35127519266
-4.183181866865149,246.32965469539292
-6.404094183329168,1453.9796966203312
-3.0898868728733113,68.1099890430473
-0.398782243584888,-0.27788254533398066
0.4435173800423815,0.7661622212982663
7.07212084592544,2912.287931078138
7.78895817631733,4221.586711938362
-5.597922784381872,832.3094111654796
2.4578806437150487,59.84337322362242
-7.770078854025688,3228.5273490067084
-0.8206027963586333,-0.24634602471204647
-3.5533292390676374,123.6275866764726
-3.669985090927872,141.77686425541836
-0.3483151657579793,-0.25453112963447283
4.596552710585351,569.2471061195537
-8.61634682415221,4937.725467438441
7.583466753748091,3808.4911826921843
4.696275492611221,616.750830928682
-6.470012222218797,1516.8976779429058
8.783218181747408,6714.847751101783
0.12624448046777204,0.14444820132833272
9.996171562339306,11093.466567093654
-6.054810513985247,1152.6412947587132
0.6981639676640263,1.763495855915902
-4.195039148801431,249.27957709439974
-3.9165288522150687,186.63725984108694
1.8213076166798032,22.183600420842605
8.434381337416667,5740.31207599734
6.105277111583501,1660.3318166180181
4.478827970026519,516.7831564961709
1.1834756420340433,6.203404739255985
8.445970073348953,5770.866795182271
-0.15277186618231653,-0.1324534825403412
7.476643566694364,3606.1549568501264
6.679632877532637,2340.0465111610292
-5.723293063968269,912.5211309576238
5.424509259318205,1060.3159476392107
-9.756576861134825,8217.984826684247
-3.54340924903825,122.16901796280982
-5.408651106161004,721.3905032389533
0.13725916974626884,0.15904017172278415
4.737063233615711,637.0186231036729
-8.046472651045518,3727.7331004910934
0.2984440387353686,0.4220282076147218
8.768240433887712,6670.618616879927
-5.42706898034109,731.665911307523
3.5428228822284815,218.10500250886372
